{"similar_user": 538, "similar_user_prefs": {"Comedy": 4.3125, "Drama": 4.833333333333333, "Romance": 4.166666666666667, "Adventure": 4.833333333333333, "Children": 4.6, "Animation": 5.0, "Musical": 4.625, "Sci-Fi": 5.0, "Fantasy": 4.0}, "your_prefs": {"Children": 3.8, "Comedy": 4.333333333333333, "Animation": 3.5, "Drama": 3.0, "Fantasy": 3.6666666666666665, "Musical": 3.0, "Adventure": 3.6666666666666665, "Romance": 4.0}, "recommended_movies": ["Aladdin", "Robin Hood: Men in Tights", "Mystery Science Theater 3000: The Movie"]}